{"videos": {"_type": "video-file", "path": "media/videos/videos_4_c5ffda37146affd409a4.mp4", "sha256": "c5ffda37146affd409a4e05521aaccb43b10e45f479d8421b385199cf228f22e", "size": 75211}, "_timestamp": 1649271285.5821385, "_runtime": 1795, "_step": 15004, "global_step": 14999, "sanity/unsafe_counter": 62.0, "charts/episodic_return": -179.2162628173828, "charts/episodic_cost": 0.0, "sanity/use_hj": 316.0, "losses/qf1_loss": 4.750429630279541, "losses/qf2_loss": 4.908364295959473, "losses/qf_loss": 4.829397201538086, "losses/actor_loss": 71.21521759033203, "losses/alpha": 0.14009405672550201, "losses/beta": 0.0, "losses/qf1_values": -74.29552459716797, "charts/SPS": 8.0, "losses/alpha_loss": -0.23638395965099335, "_wandb": {"runtime": 1796}}