{"videos": {"_type": "video-file", "path": "media/videos/videos_4_073abebf6c086b52d9a3.mp4", "sha256": "073abebf6c086b52d9a398b24082ffd0a543a52a7861d6e0235f8a2c21ff8a66", "size": 69310}, "_timestamp": 1649186112.1826708, "_runtime": 2468, "_step": 15004, "global_step": 14999, "sanity/unsafe_counter": 62.0, "charts/episodic_return": -179.3720245361328, "charts/episodic_cost": 0.0, "sanity/use_hj": 285.0, "losses/qf1_loss": 3.260416030883789, "losses/qf2_loss": 3.1040751934051514, "losses/qf_loss": 3.1822457313537598, "losses/actor_loss": 72.47804260253906, "losses/alpha": 0.1232587918639183, "losses/beta": 0.0, "losses/qf1_values": -74.91777038574219, "charts/SPS": 6.0, "losses/alpha_loss": 0.022605538368225098, "_wandb": {"runtime": 2469}}