{"videos": {"_type": "video-file", "path": "media/videos/videos_2_318a095adfc6d646aef7.mp4", "sha256": "318a095adfc6d646aef7e3e6e14da9852da1e353439474d9779e31c3f454af29", "size": 90200}, "_timestamp": 1649181895.465935, "_runtime": 29, "_step": 5103, "global_step": 5100, "sanity/unsafe_counter": 67.0, "charts/episodic_return": -1393.270751953125, "charts/episodic_cost": 2.0, "losses/qf1_loss": 0.4232492446899414, "losses/qf2_loss": 0.46176254749298096, "losses/qf_loss": 0.4425058960914612, "_wandb": {"runtime": 30}}