{"videos": {"_type": "video-file", "path": "media/videos/videos_4_4ee4d056e77ad26bc826.mp4", "sha256": "4ee4d056e77ad26bc826e8af3f40943d98ae1c32ab1440b653d9baa62c6c495f", "size": 72541}, "_timestamp": 1649273071.4327312, "_runtime": 1766, "_step": 15004, "global_step": 14999, "sanity/unsafe_counter": 62.0, "charts/episodic_return": -180.30088806152344, "charts/episodic_cost": 0.0, "sanity/use_hj": 426.0, "losses/qf1_loss": 6.477900505065918, "losses/qf2_loss": 6.223606109619141, "losses/qf_loss": 6.350753307342529, "losses/actor_loss": 85.35342407226562, "losses/alpha": 0.138597309589386, "losses/beta": 0.0, "losses/qf1_values": -89.0764389038086, "charts/SPS": 8.0, "losses/alpha_loss": 0.251161128282547, "_wandb": {"runtime": 1768}}