{"initial_reset_timestamp": 1639167440.9215126, "timestamps": [1639167451.4716609, 1639167461.1420393], "episode_lengths": [83, 82], "episode_rewards": [612.5850944605047, 614.6720742323076], "episode_types": ["t", "t", "t"]}