{"videos": {"_type": "video-file", "path": "media/videos/videos_4_926a048513a7a9e4d514.mp4", "sha256": "926a048513a7a9e4d51475c91c03e42456e98a106b6dddccfbb834c7ef0f7330", "size": 67107}, "_timestamp": 1649185358.486076, "_runtime": 2770, "_step": 15004, "global_step": 14999, "sanity/unsafe_counter": 62.0, "charts/episodic_return": -184.7041473388672, "charts/episodic_cost": 0.0, "sanity/use_hj": 2983.0, "losses/qf1_loss": 2.7184979915618896, "losses/qf2_loss": 2.9902234077453613, "losses/qf_loss": 2.854360580444336, "losses/actor_loss": -98.68820190429688, "losses/alpha": 1.0165904760360718, "losses/beta": 0.0, "losses/qf1_values": 86.54640197753906, "charts/SPS": 5.0, "losses/alpha_loss": -4.086346598342061e-05, "_wandb": {"runtime": 2771}}