{"initial_reset_timestamp": 1639167204.7616346, "timestamps": [1639167215.035228, 1639167224.7439535], "episode_lengths": [83, 82], "episode_rewards": [612.5850944605047, 614.6720742323076], "episode_types": ["t", "t", "t"]}