{"videos": {"_type": "video-file", "path": "media/videos/videos_4_96ccf5237c80c62c118f.mp4", "sha256": "96ccf5237c80c62c118f1a3dee0fd3bb47e28a1abb71c813512b8173fd3cf03b", "size": 63004}, "_timestamp": 1649269471.6383166, "_runtime": 1832, "_step": 15004, "global_step": 14999, "sanity/unsafe_counter": 62.0, "charts/episodic_return": -176.99256896972656, "charts/episodic_cost": 0.0, "sanity/use_hj": 213.0, "losses/qf1_loss": 1.4191546440124512, "losses/qf2_loss": 1.7520148754119873, "losses/qf_loss": 1.5855847597122192, "losses/actor_loss": 67.2449951171875, "losses/alpha": 0.09555190801620483, "losses/beta": 0.0, "losses/qf1_values": -69.93109893798828, "charts/SPS": 8.0, "losses/alpha_loss": 0.14793531596660614, "_wandb": {"runtime": 1833}}