{"initial_reset_timestamp": 1639173013.3515918, "timestamps": [1639173023.1821623, 1639173032.3083005, 1639173037.5300696], "episode_lengths": [82, 82, 82], "episode_rewards": [607.5760335594404, 607.626021756278, 607.3264760853956], "episode_types": ["t", "t", "t", "t"]}