{"initial_reset_timestamp": 1639083733.7386303, "timestamps": [1639083746.8721297, 1639083758.0676897, 1639083765.1991634], "episode_lengths": [83, 83, 82], "episode_rewards": [612.8294047697435, 612.471783807764, 614.0235740367209], "episode_types": ["t", "t", "t", "t"]}