{"videos": {"_type": "video-file", "path": "media/videos/videos_4_860558b139bff817b15e.mp4", "sha256": "860558b139bff817b15e85f36e3009f91dd2b2c995abf79cc00386617d12bfa6", "size": 68550}, "_timestamp": 1649265754.5632913, "_runtime": 1775, "_step": 15004, "global_step": 14999, "sanity/unsafe_counter": 62.0, "charts/episodic_return": -179.4026641845703, "charts/episodic_cost": 0.0, "sanity/use_hj": 281.0, "losses/qf1_loss": 9.61292839050293, "losses/qf2_loss": 9.245434761047363, "losses/qf_loss": 9.429182052612305, "losses/actor_loss": 72.58688354492188, "losses/alpha": 0.12707358598709106, "losses/beta": 0.0, "losses/qf1_values": -75.27020263671875, "charts/SPS": 8.0, "losses/alpha_loss": 0.07445915043354034, "_wandb": {"runtime": 1777}}