{"initial_reset_timestamp": 1638908668.3746634, "timestamps": [1638908670.3156233, 1638908671.9191775, 1638908671.9730885, 1638908671.981362, 1638908671.9895997, 1638908671.9978552, 1638908672.0061178, 1638908672.0144055, 1638908673.5775557, 1638908673.6327848, 1638908673.6413758, 1638908673.6499066, 1638908673.6583114, 1638908673.6666245, 1638908673.674968, 1638908673.6833224, 1638908673.691641, 1638908673.7001104, 1638908673.708408, 1638908673.7166739, 1638908673.7248864, 1638908673.7331398, 1638908673.7415493, 1638908673.7497997, 1638908673.7579799, 1638908673.7661188, 1638908673.7742634, 1638908675.3412435, 1638908675.3948596, 1638908675.4031355, 1638908675.4113533, 1638908675.419637, 1638908675.4278252, 1638908675.4360387, 1638908675.444234, 1638908675.4524124, 1638908675.460598, 1638908675.4687872], "episode_lengths": [32, 32, 32, 32, 32, 32, 32, 32, 32, 32, 32, 32, 32, 32, 32, 32, 32, 32, 32, 32, 32, 32, 32, 32, 32, 32, 32, 32, 32, 32, 32, 32, 32, 32, 32, 32, 32, 32], "episode_rewards": [-1257.701582435499, -1257.701582435499, -1257.701582435499, -1257.701582435499, -1257.701582435499, -1257.701582435499, -1257.701582435499, -1257.701582435499, -1257.701582435499, -1257.701582435499, -1257.701582435499, -1257.701582435499, -1257.701582435499, -1257.701582435499, -1257.701582435499, -1257.701582435499, -1257.701582435499, -1257.701582435499, -1257.701582435499, -1257.701582435499, -1257.701582435499, -1257.701582435499, -1257.701582435499, -1257.701582435499, -1257.701582435499, -1257.701582435499, -1257.701582435499, -1257.701582435499, -1257.701582435499, -1257.701582435499, -1257.701582435499, -1257.701582435499, -1257.701582435499, -1257.701582435499, -1257.701582435499, -1257.701582435499, -1257.701582435499, -1257.701582435499], "episode_types": ["t", "t", "t", "t", "t", "t", "t", "t", "t", "t", "t", "t", "t", "t", "t", "t", "t", "t", "t", "t", "t", "t", "t", "t", "t", "t", "t", "t", "t", "t", "t", "t", "t", "t", "t", "t", "t", "t", "t"]}