{"videos": {"_type": "video-file", "path": "media/videos/videos_4_4c8b35a24232fad1dee2.mp4", "sha256": "4c8b35a24232fad1dee2cd1b244ba2d269be024109bd6e3fcc45cac0b22429b9", "size": 73228}, "_timestamp": 1649182173.2304015, "_runtime": 202, "_step": 15004, "global_step": 14999, "sanity/unsafe_counter": 261.0, "charts/episodic_return": -181.99920654296875, "charts/episodic_cost": 4.0, "losses/qf1_loss": 1.3176448345184326, "losses/qf2_loss": 1.768589735031128, "losses/qf_loss": 1.5431172847747803, "losses/actor_loss": 51.82236099243164, "losses/alpha": 0.10678976774215698, "losses/beta": 0.0, "losses/qf1_values": -54.63785934448242, "charts/SPS": 77.0, "losses/alpha_loss": -0.7103613615036011, "_wandb": {"runtime": 202}}