{"global_step": 5100, "_timestamp": 1649181806.7971804, "sanity/unsafe_counter": 67.0, "_runtime": 26, "_step": 5100, "charts/episodic_return": -1393.270751953125, "charts/episodic_cost": 2.0, "losses/qf1_loss": 0.4232492446899414, "losses/qf2_loss": 0.46176254749298096, "losses/qf_loss": 0.4425058960914612, "_wandb": {"runtime": 25}}